<?xml version="1.0" encoding="utf-8"?>
<doctrine-mapping xmlns="http://doctrine-project.org/schemas/orm/doctrine-mapping" xmlns:xsi="http://www.w3.org/2001/XMLSchema-instance" xsi:schemaLocation="http://doctrine-project.org/schemas/orm/doctrine-mapping http://doctrine-project.org/schemas/orm/doctrine-mapping.xsd">
  <entity name="AppBundle\Entity\ArmasClases" table="armas_clases">
    <id name="id" type="integer" column="Id">
      <generator strategy="IDENTITY"/>
    </id>
    <field name="arma" type="string" column="Arma" length="20" nullable="false">
      <options>
        <option name="fixed"/>
      </options>
    </field>
    <field name="dmg" type="integer" column="DMG" nullable="false">
      <options>
        <option name="unsigned"/>
      </options>
    </field>
    <field name="cargador" type="integer" column="Cargador" nullable="false">
      <options>
        <option name="unsigned"/>
      </options>
    </field>
    <field name="clase" type="string" column="Clase" length="20" nullable="false">
      <options>
        <option name="fixed"/>
      </options>
    </field>
  </entity>
</doctrine-mapping>
