<?xml version="1.0" encoding="UTF-8"?>
<project-private xmlns="http://www.netbeans.org/ns/project-private/1">
    <editor-bookmarks xmlns="http://www.netbeans.org/ns/editor-bookmarks/2" lastBookmarkId="0"/>
    <open-files xmlns="http://www.netbeans.org/ns/projectui-open-files/2">
        <group>
            <file>file:/D:/Clase/XAMP/htdocs/Recuperacion/app/Resources/views/cabecera.html.twig</file>
            <file>file:/D:/Clase/XAMP/htdocs/Recuperacion/src/AppBundle/Controller/DefaultController.php</file>
            <file>file:/D:/Clase/XAMP/htdocs/Recuperacion/src/AppBundle/Controller/ArmasClasesController.php</file>
        </group>
    </open-files>
</project-private>
